sku,store_id,stock_on_hand,reorder_level,reorder_quantity,last_restock_date,snapshot_date
SKU001,S001,490,65,336,2026-07-07,2026-08-01
SKU001,S002,462,34,321,2026-07-29,2026-08-01
SKU001,S003,421,82,193,2026-07-28,2026-08-01
SKU001,S004,268,71,143,2026-07-04,2026-08-01
SKU001,S005,67,33,489,2026-07-13,2026-08-01
SKU002,S001,455,24,346,2026-07-15,2026-08-01
SKU002,S002,444,45,213,2026-07-08,2026-08-01
SKU002,S003,256,37,272,2026-07-28,2026-08-01
SKU002,S004,232,28,445,2026-07-30,2026-08-01
SKU002,S005,131,61,464,2026-07-26,2026-08-01
SKU003,S001,349,91,208,2026-07-28,2026-08-01
SKU003,S002,354,50,221,2026-07-13,2026-08-01
SKU003,S003,80,66,392,2026-07-05,2026-08-01
SKU003,S004,218,38,316,2026-07-03,2026-08-01
SKU003,S005,418,72,174,2026-07-28,2026-08-01
SKU004,S001,55,50,135,2026-07-28,2026-08-01
SKU004,S002,139,58,342,2026-07-31,2026-08-01
SKU004,S003,309,38,476,2026-07-20,2026-08-01
SKU004,S004,306,57,292,2026-07-14,2026-08-01
SKU004,S005,428,30,286,2026-07-18,2026-08-01
SKU005,S001,79,62,203,2026-07-07,2026-08-01
SKU005,S002,224,24,253,2026-07-14,2026-08-01
SKU005,S003,297,66,189,2026-07-14,2026-08-01
SKU005,S004,364,93,255,2026-07-17,2026-08-01
SKU005,S005,192,77,267,2026-07-11,2026-08-01
SKU006,S001,195,91,429,2026-07-19,2026-08-01
SKU006,S002,147,67,319,2026-07-04,2026-08-01
SKU006,S003,123,39,187,2026-07-07,2026-08-01
SKU006,S004,335,60,467,2026-07-26,2026-08-01
SKU006,S005,404,49,486,2026-07-24,2026-08-01
